TestID,Timestamp,Framework,AttackType,SystemLoad,DetectionResult,DetectionTime_ms,Accuracy,ConfidenceScore,SystemUtilization,AttackSeverity,AttackComplexity
1,2024-01-01T00:01:00,ATLAS,Zero-day,55.5%,True,202,96.9%,0.97,50.1%,5,5
2,2024-01-01T00:02:00,ATLAS,Zero-day,31.7%,True,261,97.8%,0.97,3.1%,5,5
3,2024-01-01T00:03:00,ATLAS,Zero-day,66.7%,True,487,97.1%,0.87,24.6%,5,5
4,2024-01-01T00:04:00,ATLAS,Zero-day,45.9%,True,123,98.8%,0.89,84.8%,5,5
5,2024-01-01T00:05:00,ATLAS,Zero-day,87.7%,True,427,97.4%,0.99,72.4%,5,5
6,2024-01-01T00:06:00,ATLAS,Zero-day,66.6%,True,126,98.6%,0.85,11.1%,5,5
7,2024-01-01T00:07:00,ATLAS,Zero-day,32.5%,True,319,98.6%,0.89,66.8%,5,5
8,2024-01-01T00:08:00,ATLAS,Zero-day,53.9%,True,275,97.4%,0.90,36.4%,5,5
9,2024-01-01T00:09:00,ATLAS,Zero-day,64.9%,True,113,97.6%,0.92,5.0%,5,5
10,2024-01-01T00:10:00,ATLAS,Zero-day,82.6%,True,112,97.1%,0.91,11.7%,5,5
11,2024-01-01T00:11:00,ATLAS,Zero-day,77.3%,True,474,97.5%,0.88,49.7%,5,5
12,2024-01-01T00:12:00,ATLAS,Zero-day,50.3%,True,271,96.9%,0.86,66.0%,5,5
13,2024-01-01T00:13:00,ATLAS,Zero-day,92.6%,True,497,98.1%,0.92,58.1%,5,5
14,2024-01-01T00:14:00,ATLAS,Zero-day,55.9%,True,100,97.5%,0.96,29.1%,5,5
15,2024-01-01T00:15:00,ATLAS,Zero-day,89.9%,True,80,98.5%,0.95,60.0%,5,5
16,2024-01-01T00:16:00,ATLAS,Zero-day,81.6%,True,66,98.3%,0.92,44.3%,5,5
17,2024-01-01T00:17:00,ATLAS,Zero-day,88.1%,True,169,97.4%,0.96,79.8%,5,5
18,2024-01-01T00:18:00,ATLAS,Zero-day,56.3%,True,427,97.6%,0.94,45.2%,5,5
19,2024-01-01T00:19:00,ATLAS,Zero-day,34.4%,True,217,97.4%,0.99,55.7%,5,5
20,2024-01-01T00:20:00,ATLAS,Zero-day,74.0%,True,105,97.5%,0.94,58.6%,5,5
21,2024-01-01T00:21:00,ATLAS,Zero-day,37.9%,True,53,97.1%,0.87,49.4%,5,5
22,2024-01-01T00:22:00,ATLAS,Zero-day,65.9%,True,125,97.0%,0.98,41.2%,5,5
23,2024-01-01T00:23:00,ATLAS,Zero-day,80.2%,True,121,98.7%,0.88,94.7%,5,5
24,2024-01-01T00:24:00,ATLAS,Zero-day,51.0%,True,285,97.9%,0.97,66.4%,5,5
25,2024-01-01T00:25:00,ATLAS,Zero-day,74.7%,True,246,98.5%,0.97,31.3%,5,5
26,2024-01-01T00:26:00,ATLAS,Known,39.0%,True,337,99.7%,0.96,93.8%,3,2
27,2024-01-01T00:27:00,ATLAS,Known,65.4%,True,324,99.3%,0.95,70.6%,3,2
28,2024-01-01T00:28:00,ATLAS,Known,31.4%,True,461,98.5%,0.87,18.2%,3,2
29,2024-01-01T00:29:00,ATLAS,Known,26.4%,True,164,99.4%,0.95,40.7%,3,2
30,2024-01-01T00:30:00,ATLAS,Known,39.8%,True,395,99.3%,0.93,67.1%,3,2
31,2024-01-01T00:31:00,ATLAS,Known,32.6%,True,406,98.5%,0.94,41.1%,3,2
32,2024-01-01T00:32:00,ATLAS,Known,83.2%,True,78,98.5%,0.98,45.7%,3,2
33,2024-01-01T00:33:00,ATLAS,Known,52.1%,True,50,98.2%,0.93,77.9%,3,2
34,2024-01-01T00:34:00,ATLAS,Known,56.1%,True,354,100.1%,0.93,91.6%,3,2
35,2024-01-01T00:35:00,ATLAS,Known,67.5%,True,118,99.9%,0.98,19.1%,3,2
36,2024-01-01T00:36:00,ATLAS,Known,83.0%,True,418,99.3%,0.93,62.4%,3,2
37,2024-01-01T00:37:00,ATLAS,Known,47.8%,True,352,98.1%,0.90,95.4%,3,2
38,2024-01-01T00:38:00,ATLAS,Known,67.3%,True,90,99.0%,0.89,99.3%,3,2
39,2024-01-01T00:39:00,ATLAS,Known,94.5%,True,348,99.3%,0.87,39.4%,3,2
40,2024-01-01T00:40:00,ATLAS,Known,23.5%,True,124,98.2%,0.97,19.8%,3,2
41,2024-01-01T00:41:00,ATLAS,Known,77.8%,True,95,98.3%,0.91,74.1%,3,2
42,2024-01-01T00:42:00,ATLAS,Known,63.6%,True,375,99.6%,0.92,15.5%,3,2
43,2024-01-01T00:43:00,ATLAS,Known,22.7%,True,367,100.1%,0.87,86.1%,3,2
44,2024-01-01T00:44:00,ATLAS,Known,72.4%,True,304,99.8%,0.86,21.3%,3,2
45,2024-01-01T00:45:00,ATLAS,Known,45.4%,True,490,99.3%,0.91,27.1%,3,2
46,2024-01-01T00:46:00,ATLAS,Known,92.1%,True,81,98.3%,0.89,64.7%,3,2
47,2024-01-01T00:47:00,ATLAS,Known,46.8%,True,404,99.9%,0.99,88.5%,3,2
48,2024-01-01T00:48:00,ATLAS,Known,52.7%,True,421,98.2%,0.97,71.9%,3,2
49,2024-01-01T00:49:00,ATLAS,Known,59.4%,True,165,99.6%,0.96,45.9%,3,2
50,2024-01-01T00:50:00,ATLAS,Known,90.6%,True,204,99.2%,0.93,84.4%,3,2
51,2024-01-01T00:51:00,ATLAS,DoS,55.1%,True,407,99.2%,0.86,96.2%,4,3
52,2024-01-01T00:52:00,ATLAS,DoS,56.5%,True,401,99.2%,0.89,90.3%,4,3
53,2024-01-01T00:53:00,ATLAS,DoS,78.4%,True,90,97.9%,0.93,54.0%,4,3
54,2024-01-01T00:54:00,ATLAS,DoS,30.7%,True,370,98.9%,0.92,12.1%,4,3
55,2024-01-01T00:55:00,ATLAS,DoS,48.5%,True,445,99.4%,0.97,67.2%,4,3
56,2024-01-01T00:56:00,ATLAS,DoS,91.7%,True,224,98.1%,0.86,67.8%,4,3
57,2024-01-01T00:57:00,ATLAS,DoS,86.7%,True,291,99.4%,0.98,63.3%,4,3
58,2024-01-01T00:58:00,ATLAS,DoS,67.7%,True,404,99.4%,0.89,13.3%,4,3
59,2024-01-01T00:59:00,ATLAS,DoS,87.2%,True,124,98.5%,0.97,70.7%,4,3
60,2024-01-01T01:00:00,ATLAS,DoS,31.7%,True,419,98.1%,0.95,48.0%,4,3
61,2024-01-01T01:01:00,ATLAS,DoS,91.3%,True,304,97.9%,0.94,83.2%,4,3
62,2024-01-01T01:02:00,ATLAS,DoS,55.2%,True,276,98.9%,0.85,20.3%,4,3
63,2024-01-01T01:03:00,ATLAS,DoS,53.8%,True,236,98.6%,0.92,55.4%,4,3
64,2024-01-01T01:04:00,ATLAS,DoS,36.7%,True,174,97.6%,0.94,25.1%,4,3
65,2024-01-01T01:05:00,ATLAS,DoS,81.9%,True,238,98.3%,0.90,29.6%,4,3
66,2024-01-01T01:06:00,ATLAS,DoS,54.1%,True,484,98.7%,0.95,37.2%,4,3
67,2024-01-01T01:07:00,ATLAS,DoS,56.5%,True,456,97.8%,0.93,57.5%,4,3
68,2024-01-01T01:08:00,ATLAS,DoS,39.7%,True,83,98.2%,0.99,16.4%,4,3
69,2024-01-01T01:09:00,ATLAS,DoS,57.7%,True,384,97.5%,0.93,20.4%,4,3
70,2024-01-01T01:10:00,ATLAS,DoS,21.5%,True,296,97.9%,0.87,16.6%,4,3
71,2024-01-01T01:11:00,ATLAS,Data Exfiltration,26.4%,True,65,98.0%,0.85,90.1%,5,4
72,2024-01-01T01:12:00,ATLAS,Data Exfiltration,53.1%,True,422,99.0%,0.93,75.5%,5,4
73,2024-01-01T01:13:00,ATLAS,Data Exfiltration,88.9%,True,479,99.0%,0.96,81.6%,5,4
74,2024-01-01T01:14:00,ATLAS,Data Exfiltration,84.8%,True,351,98.3%,0.86,32.2%,5,4
75,2024-01-01T01:15:00,ATLAS,Data Exfiltration,84.2%,True,130,98.1%,0.97,3.3%,5,4
76,2024-01-01T01:16:00,ATLAS,Data Exfiltration,48.7%,True,74,99.5%,0.86,84.2%,5,4
77,2024-01-01T01:17:00,ATLAS,Data Exfiltration,36.9%,True,400,98.3%,0.99,94.1%,5,4
78,2024-01-01T01:18:00,ATLAS,Data Exfiltration,76.9%,True,87,99.1%,0.98,66.4%,5,4
79,2024-01-01T01:19:00,ATLAS,Data Exfiltration,89.0%,True,490,98.7%,0.97,29.7%,5,4
80,2024-01-01T01:20:00,ATLAS,Data Exfiltration,34.4%,True,419,98.6%,0.97,64.0%,5,4
81,2024-01-01T01:21:00,ATLAS,Data Exfiltration,25.2%,True,93,99.4%,0.95,23.1%,5,4
82,2024-01-01T01:22:00,ATLAS,Data Exfiltration,54.1%,True,452,98.0%,0.85,0.5%,5,4
83,2024-01-01T01:23:00,ATLAS,Data Exfiltration,65.5%,True,298,98.2%,0.91,46.0%,5,4
84,2024-01-01T01:24:00,ATLAS,Data Exfiltration,68.1%,True,162,98.3%,0.92,98.9%,5,4
85,2024-01-01T01:25:00,ATLAS,Data Exfiltration,65.5%,True,228,99.7%,0.96,58.6%,5,4
86,2024-01-01T01:26:00,ATLAS,Data Exfiltration,32.6%,True,112,99.7%,0.87,88.0%,5,4
87,2024-01-01T01:27:00,ATLAS,Data Exfiltration,68.3%,True,71,99.9%,0.86,45.1%,5,4
88,2024-01-01T01:28:00,ATLAS,Data Exfiltration,52.0%,True,193,99.0%,0.95,66.5%,5,4
89,2024-01-01T01:29:00,ATLAS,Data Exfiltration,71.1%,True,131,97.9%,0.93,37.5%,5,4
90,2024-01-01T01:30:00,ATLAS,Data Exfiltration,23.7%,True,352,98.8%,0.86,18.7%,5,4
91,2024-01-01T01:31:00,ATLAS,Container Escape,51.5%,True,219,97.4%,0.94,90.5%,5,5
92,2024-01-01T01:32:00,ATLAS,Container Escape,51.2%,True,234,98.0%,0.86,90.4%,5,5
93,2024-01-01T01:33:00,ATLAS,Container Escape,88.7%,True,239,97.8%,0.92,88.0%,5,5
94,2024-01-01T01:34:00,ATLAS,Container Escape,43.4%,True,273,98.0%,0.86,28.6%,5,5
95,2024-01-01T01:35:00,ATLAS,Container Escape,78.0%,True,400,98.2%,0.89,71.3%,5,5
96,2024-01-01T01:36:00,ATLAS,Container Escape,33.1%,True,241,96.9%,0.87,11.0%,5,5
97,2024-01-01T01:37:00,ATLAS,Container Escape,59.9%,True,432,98.2%,0.86,19.3%,5,5
98,2024-01-01T01:38:00,ATLAS,Container Escape,92.1%,True,366,96.5%,0.98,47.6%,5,5
99,2024-01-01T01:39:00,ATLAS,Container Escape,37.5%,True,111,96.6%,0.91,52.7%,5,5
100,2024-01-01T01:40:00,ATLAS,Container Escape,38.7%,True,299,97.6%,0.95,7.5%,5,5
101,2024-01-01T01:41:00,ReplicaWatcher,Zero-day,91.2%,True,228,89.2%,0.95,71.4%,5,5
102,2024-01-01T01:42:00,ReplicaWatcher,Zero-day,91.5%,True,273,89.5%,0.97,21.4%,5,5
103,2024-01-01T01:43:00,ReplicaWatcher,Zero-day,79.3%,True,454,88.3%,0.89,7.6%,5,5
104,2024-01-01T01:44:00,ReplicaWatcher,Zero-day,48.6%,True,315,89.6%,0.98,48.6%,5,5
105,2024-01-01T01:45:00,ReplicaWatcher,Zero-day,33.9%,True,142,89.7%,0.90,9.7%,5,5
106,2024-01-01T01:46:00,ReplicaWatcher,Zero-day,75.6%,True,179,89.9%,0.87,42.3%,5,5
107,2024-01-01T01:47:00,ReplicaWatcher,Zero-day,43.2%,True,155,90.1%,0.89,38.6%,5,5
108,2024-01-01T01:48:00,ReplicaWatcher,Zero-day,72.5%,True,304,90.1%,0.94,87.6%,5,5
109,2024-01-01T01:49:00,ReplicaWatcher,Zero-day,40.2%,True,69,89.2%,0.85,3.0%,5,5
110,2024-01-01T01:50:00,ReplicaWatcher,Zero-day,22.4%,True,153,88.7%,0.98,46.1%,5,5
111,2024-01-01T01:51:00,ReplicaWatcher,Zero-day,92.7%,True,430,89.7%,0.90,51.6%,5,5
112,2024-01-01T01:52:00,ReplicaWatcher,Zero-day,62.9%,True,451,88.3%,0.99,97.7%,5,5
113,2024-01-01T01:53:00,ReplicaWatcher,Zero-day,79.5%,True,111,88.9%,0.85,43.4%,5,5
114,2024-01-01T01:54:00,ReplicaWatcher,Zero-day,21.5%,True,99,88.3%,0.92,92.5%,5,5
115,2024-01-01T01:55:00,ReplicaWatcher,Zero-day,87.1%,True,484,89.1%,0.96,42.8%,5,5
116,2024-01-01T01:56:00,ReplicaWatcher,Zero-day,51.2%,True,300,88.6%,0.95,9.3%,5,5
117,2024-01-01T01:57:00,ReplicaWatcher,Zero-day,21.1%,True,335,89.0%,0.92,1.3%,5,5
118,2024-01-01T01:58:00,ReplicaWatcher,Zero-day,32.0%,True,115,89.0%,0.94,95.7%,5,5
119,2024-01-01T01:59:00,ReplicaWatcher,Zero-day,65.2%,True,375,88.4%,0.92,46.0%,5,5
120,2024-01-01T02:00:00,ReplicaWatcher,Zero-day,46.4%,True,445,90.0%,0.97,12.0%,5,5
121,2024-01-01T02:01:00,ReplicaWatcher,Zero-day,54.3%,True,173,89.2%,0.89,28.9%,5,5
122,2024-01-01T02:02:00,ReplicaWatcher,Zero-day,54.1%,True,284,89.2%,0.86,51.3%,5,5
123,2024-01-01T02:03:00,ReplicaWatcher,Zero-day,82.4%,False,493,88.7%,0.45,28.8%,5,5
124,2024-01-01T02:04:00,ReplicaWatcher,Zero-day,94.6%,True,124,88.6%,0.95,31.6%,5,5
125,2024-01-01T02:05:00,ReplicaWatcher,Zero-day,26.3%,True,112,90.0%,0.89,17.8%,5,5
126,2024-01-01T02:06:00,ReplicaWatcher,Known,37.8%,True,454,91.7%,0.93,93.3%,3,2
127,2024-01-01T02:07:00,ReplicaWatcher,Known,71.5%,True,84,92.0%,0.86,1.7%,3,2
128,2024-01-01T02:08:00,ReplicaWatcher,Known,33.3%,True,322,91.2%,0.99,88.6%,3,2
129,2024-01-01T02:09:00,ReplicaWatcher,Known,85.0%,False,393,90.7%,0.74,16.8%,3,2
130,2024-01-01T02:10:00,ReplicaWatcher,Known,25.1%,True,208,91.4%,0.94,83.4%,3,2
131,2024-01-01T02:11:00,ReplicaWatcher,Known,77.2%,True,155,91.0%,0.96,69.1%,3,2
132,2024-01-01T02:12:00,ReplicaWatcher,Known,45.2%,True,267,90.3%,0.95,98.4%,3,2
133,2024-01-01T02:13:00,ReplicaWatcher,Known,77.5%,True,373,91.2%,0.88,39.3%,3,2
134,2024-01-01T02:14:00,ReplicaWatcher,Known,69.0%,True,97,91.6%,0.91,1.7%,3,2
135,2024-01-01T02:15:00,ReplicaWatcher,Known,47.4%,True,261,90.9%,0.91,86.0%,3,2
136,2024-01-01T02:16:00,ReplicaWatcher,Known,69.9%,True,390,90.6%,0.86,11.6%,3,2
137,2024-01-01T02:17:00,ReplicaWatcher,Known,75.4%,True,332,91.4%,0.95,16.6%,3,2
138,2024-01-01T02:18:00,ReplicaWatcher,Known,75.7%,True,264,91.6%,0.93,88.7%,3,2
139,2024-01-01T02:19:00,ReplicaWatcher,Known,25.0%,True,303,91.0%,0.98,22.8%,3,2
140,2024-01-01T02:20:00,ReplicaWatcher,Known,79.9%,True,399,91.3%,0.89,85.5%,3,2
141,2024-01-01T02:21:00,ReplicaWatcher,Known,90.6%,False,304,91.1%,0.74,44.1%,3,2
142,2024-01-01T02:22:00,ReplicaWatcher,Known,21.3%,True,444,91.3%,0.90,83.6%,3,2
143,2024-01-01T02:23:00,ReplicaWatcher,Known,33.4%,True,219,91.3%,0.90,52.6%,3,2
144,2024-01-01T02:24:00,ReplicaWatcher,Known,41.4%,True,310,90.5%,0.89,31.4%,3,2
145,2024-01-01T02:25:00,ReplicaWatcher,Known,85.3%,True,351,91.2%,0.88,82.6%,3,2
146,2024-01-01T02:26:00,ReplicaWatcher,Known,80.1%,True,472,91.3%,0.86,24.4%,3,2
147,2024-01-01T02:27:00,ReplicaWatcher,Known,81.3%,True,440,91.6%,0.92,82.4%,3,2
148,2024-01-01T02:28:00,ReplicaWatcher,Known,45.0%,True,391,91.2%,0.98,23.5%,3,2
149,2024-01-01T02:29:00,ReplicaWatcher,Known,63.4%,True,317,90.8%,0.92,64.3%,3,2
150,2024-01-01T02:30:00,ReplicaWatcher,Known,43.9%,True,108,91.2%,0.86,79.9%,3,2
151,2024-01-01T02:31:00,ReplicaWatcher,DoS,38.6%,True,330,90.4%,0.98,79.9%,4,3
152,2024-01-01T02:32:00,ReplicaWatcher,DoS,71.4%,True,348,90.8%,0.98,92.8%,4,3
153,2024-01-01T02:33:00,ReplicaWatcher,DoS,66.7%,True,86,89.9%,0.87,13.8%,4,3
154,2024-01-01T02:34:00,ReplicaWatcher,DoS,80.8%,True,211,90.7%,0.96,45.4%,4,3
155,2024-01-01T02:35:00,ReplicaWatcher,DoS,26.7%,True,378,90.8%,0.98,22.0%,4,3
156,2024-01-01T02:36:00,ReplicaWatcher,DoS,67.1%,True,79,90.0%,0.92,78.5%,4,3
157,2024-01-01T02:37:00,ReplicaWatcher,DoS,36.4%,True,145,91.5%,0.91,11.2%,4,3
158,2024-01-01T02:38:00,ReplicaWatcher,DoS,89.5%,True,199,91.0%,0.98,76.6%,4,3
159,2024-01-01T02:39:00,ReplicaWatcher,DoS,82.5%,True,238,90.7%,0.91,91.9%,4,3
160,2024-01-01T02:40:00,ReplicaWatcher,DoS,30.6%,True,117,91.1%,0.94,32.1%,4,3
161,2024-01-01T02:41:00,ReplicaWatcher,DoS,59.1%,True,66,91.0%,0.96,59.1%,4,3
162,2024-01-01T02:42:00,ReplicaWatcher,DoS,90.5%,True,119,90.2%,0.87,57.7%,4,3
163,2024-01-01T02:43:00,ReplicaWatcher,DoS,23.5%,True,123,91.6%,0.91,53.2%,4,3
164,2024-01-01T02:44:00,ReplicaWatcher,DoS,47.9%,True,479,89.9%,0.97,59.5%,4,3
165,2024-01-01T02:45:00,ReplicaWatcher,DoS,35.5%,True,246,90.9%,0.97,29.9%,4,3
166,2024-01-01T02:46:00,ReplicaWatcher,DoS,86.8%,True,302,91.3%,0.97,78.8%,4,3
167,2024-01-01T02:47:00,ReplicaWatcher,DoS,41.0%,True,176,89.9%,0.88,26.1%,4,3
168,2024-01-01T02:48:00,ReplicaWatcher,DoS,40.9%,True,484,90.8%,0.97,83.6%,4,3
169,2024-01-01T02:49:00,ReplicaWatcher,DoS,77.0%,False,220,89.8%,0.66,98.4%,4,3
170,2024-01-01T02:50:00,ReplicaWatcher,DoS,24.6%,True,241,90.5%,0.86,17.6%,4,3
171,2024-01-01T02:51:00,ReplicaWatcher,Data Exfiltration,34.7%,False,435,91.8%,0.58,40.8%,5,4
172,2024-01-01T02:52:00,ReplicaWatcher,Data Exfiltration,55.9%,True,153,93.2%,0.88,20.6%,5,4
173,2024-01-01T02:53:00,ReplicaWatcher,Data Exfiltration,78.8%,True,269,92.6%,0.97,60.6%,5,4
174,2024-01-01T02:54:00,ReplicaWatcher,Data Exfiltration,45.4%,True,129,92.2%,0.92,10.5%,5,4
175,2024-01-01T02:55:00,ReplicaWatcher,Data Exfiltration,53.4%,True,333,93.0%,0.93,76.2%,5,4
176,2024-01-01T02:56:00,ReplicaWatcher,Data Exfiltration,54.6%,True,395,92.8%,0.98,0.6%,5,4
177,2024-01-01T02:57:00,ReplicaWatcher,Data Exfiltration,84.9%,True,57,92.7%,0.98,68.8%,5,4
178,2024-01-01T02:58:00,ReplicaWatcher,Data Exfiltration,79.6%,True,438,92.7%,0.91,22.5%,5,4
179,2024-01-01T02:59:00,ReplicaWatcher,Data Exfiltration,72.6%,True,63,91.3%,0.95,93.1%,5,4
180,2024-01-01T03:00:00,ReplicaWatcher,Data Exfiltration,24.4%,False,468,91.6%,0.49,23.4%,5,4
181,2024-01-01T03:01:00,ReplicaWatcher,Data Exfiltration,34.6%,True,437,93.1%,0.95,63.4%,5,4
182,2024-01-01T03:02:00,ReplicaWatcher,Data Exfiltration,65.4%,True,294,91.5%,0.93,5.8%,5,4
183,2024-01-01T03:03:00,ReplicaWatcher,Data Exfiltration,90.4%,True,466,93.3%,0.94,62.8%,5,4
184,2024-01-01T03:04:00,ReplicaWatcher,Data Exfiltration,88.8%,True,189,92.5%,0.94,37.6%,5,4
185,2024-01-01T03:05:00,ReplicaWatcher,Data Exfiltration,87.2%,True,429,91.7%,0.88,28.5%,5,4
186,2024-01-01T03:06:00,ReplicaWatcher,Data Exfiltration,79.6%,True,261,93.0%,0.91,78.6%,5,4
187,2024-01-01T03:07:00,ReplicaWatcher,Data Exfiltration,90.3%,True,467,91.3%,0.91,2.8%,5,4
188,2024-01-01T03:08:00,ReplicaWatcher,Data Exfiltration,63.7%,True,110,91.6%,0.87,2.7%,5,4
189,2024-01-01T03:09:00,ReplicaWatcher,Data Exfiltration,77.4%,True,446,91.5%,0.97,39.6%,5,4
190,2024-01-01T03:10:00,ReplicaWatcher,Data Exfiltration,60.7%,True,163,92.2%,0.91,96.6%,5,4
191,2024-01-01T03:11:00,ReplicaWatcher,Container Escape,86.9%,True,283,89.2%,0.93,7.3%,5,5
192,2024-01-01T03:12:00,ReplicaWatcher,Container Escape,60.2%,True,248,89.4%,0.89,58.4%,5,5
193,2024-01-01T03:13:00,ReplicaWatcher,Container Escape,21.8%,True,166,87.9%,0.99,79.7%,5,5
194,2024-01-01T03:14:00,ReplicaWatcher,Container Escape,86.6%,True,337,88.0%,0.93,64.4%,5,5
195,2024-01-01T03:15:00,ReplicaWatcher,Container Escape,48.3%,True,173,88.6%,0.94,5.5%,5,5
196,2024-01-01T03:16:00,ReplicaWatcher,Container Escape,28.5%,True,120,89.6%,0.92,45.1%,5,5
197,2024-01-01T03:17:00,ReplicaWatcher,Container Escape,79.6%,True,107,88.3%,0.98,45.2%,5,5
198,2024-01-01T03:18:00,ReplicaWatcher,Container Escape,54.6%,True,384,88.9%,0.93,92.8%,5,5
199,2024-01-01T03:19:00,ReplicaWatcher,Container Escape,92.5%,True,417,89.4%,0.96,29.9%,5,5
200,2024-01-01T03:20:00,ReplicaWatcher,Container Escape,33.1%,True,182,88.7%,0.90,73.8%,5,5
201,2024-01-01T03:21:00,Kunerva,Zero-day,49.9%,True,202,84.9%,0.87,75.6%,5,5
202,2024-01-01T03:22:00,Kunerva,Zero-day,80.8%,True,314,85.7%,0.97,59.8%,5,5
203,2024-01-01T03:23:00,Kunerva,Zero-day,67.5%,True,270,86.5%,0.88,3.0%,5,5
204,2024-01-01T03:24:00,Kunerva,Zero-day,90.8%,True,304,85.6%,0.96,1.9%,5,5
205,2024-01-01T03:25:00,Kunerva,Zero-day,81.8%,True,235,84.6%,0.95,15.2%,5,5
206,2024-01-01T03:26:00,Kunerva,Zero-day,94.3%,False,171,85.9%,0.50,13.2%,5,5
207,2024-01-01T03:27:00,Kunerva,Zero-day,24.0%,True,353,86.3%,0.85,66.7%,5,5
208,2024-01-01T03:28:00,Kunerva,Zero-day,51.6%,False,469,84.7%,0.55,92.1%,5,5
209,2024-01-01T03:29:00,Kunerva,Zero-day,55.0%,True,205,84.6%,0.99,25.0%,5,5
210,2024-01-01T03:30:00,Kunerva,Zero-day,45.4%,True,468,85.4%,0.87,10.1%,5,5
211,2024-01-01T03:31:00,Kunerva,Zero-day,72.9%,True,346,86.0%,0.88,80.0%,5,5
212,2024-01-01T03:32:00,Kunerva,Zero-day,71.3%,False,432,84.7%,0.56,17.9%,5,5
213,2024-01-01T03:33:00,Kunerva,Zero-day,84.1%,True,163,84.8%,0.97,74.9%,5,5
214,2024-01-01T03:34:00,Kunerva,Zero-day,53.2%,False,85,86.3%,0.53,3.9%,5,5
215,2024-01-01T03:35:00,Kunerva,Zero-day,53.3%,False,231,84.8%,0.53,80.1%,5,5
216,2024-01-01T03:36:00,Kunerva,Zero-day,27.9%,True,70,86.0%,0.92,92.5%,5,5
217,2024-01-01T03:37:00,Kunerva,Zero-day,83.4%,True,281,86.5%,0.88,57.6%,5,5
218,2024-01-01T03:38:00,Kunerva,Zero-day,90.0%,True,60,84.8%,0.97,17.7%,5,5
219,2024-01-01T03:39:00,Kunerva,Zero-day,27.7%,True,156,86.3%,0.88,33.9%,5,5
220,2024-01-01T03:40:00,Kunerva,Zero-day,40.9%,True,414,85.0%,0.94,27.5%,5,5
221,2024-01-01T03:41:00,Kunerva,Zero-day,53.8%,True,389,84.8%,0.90,59.0%,5,5
222,2024-01-01T03:42:00,Kunerva,Zero-day,28.3%,True,199,86.1%,0.95,5.3%,5,5
223,2024-01-01T03:43:00,Kunerva,Zero-day,39.0%,True,268,86.5%,0.90,81.0%,5,5
224,2024-01-01T03:44:00,Kunerva,Zero-day,28.3%,True,196,85.6%,0.86,54.2%,5,5
225,2024-01-01T03:45:00,Kunerva,Zero-day,46.0%,True,90,84.9%,0.95,77.3%,5,5
226,2024-01-01T03:46:00,Kunerva,Known,75.2%,True,364,96.4%,0.91,41.5%,3,2
227,2024-01-01T03:47:00,Kunerva,Known,91.7%,True,438,96.9%,0.93,48.7%,3,2
228,2024-01-01T03:48:00,Kunerva,Known,83.6%,True,72,95.6%,0.85,1.4%,3,2
229,2024-01-01T03:49:00,Kunerva,Known,75.0%,True,121,97.3%,0.92,86.5%,3,2
230,2024-01-01T03:50:00,Kunerva,Known,25.0%,True,95,97.1%,0.96,44.4%,3,2
231,2024-01-01T03:51:00,Kunerva,Known,32.2%,True,418,96.7%,0.96,47.7%,3,2
232,2024-01-01T03:52:00,Kunerva,Known,62.4%,True,313,96.1%,0.86,95.3%,3,2
233,2024-01-01T03:53:00,Kunerva,Known,36.3%,True,84,95.5%,0.85,78.0%,3,2
234,2024-01-01T03:54:00,Kunerva,Known,75.7%,True,486,96.8%,0.93,19.0%,3,2
235,2024-01-01T03:55:00,Kunerva,Known,42.9%,True,172,96.3%,0.95,41.7%,3,2
236,2024-01-01T03:56:00,Kunerva,Known,24.7%,True,68,96.3%,0.97,93.6%,3,2
237,2024-01-01T03:57:00,Kunerva,Known,48.0%,True,314,96.2%,0.97,15.6%,3,2
238,2024-01-01T03:58:00,Kunerva,Known,36.8%,True,163,96.0%,0.90,39.3%,3,2
239,2024-01-01T03:59:00,Kunerva,Known,24.1%,True,161,97.3%,0.99,53.4%,3,2
240,2024-01-01T04:00:00,Kunerva,Known,41.8%,False,395,96.2%,0.61,72.7%,3,2
241,2024-01-01T04:01:00,Kunerva,Known,51.7%,True,484,96.4%,0.86,58.3%,3,2
242,2024-01-01T04:02:00,Kunerva,Known,71.5%,True,168,97.3%,0.98,97.8%,3,2
243,2024-01-01T04:03:00,Kunerva,Known,92.5%,True,410,97.1%,0.97,3.9%,3,2
244,2024-01-01T04:04:00,Kunerva,Known,86.5%,True,313,97.3%,0.92,14.9%,3,2
245,2024-01-01T04:05:00,Kunerva,Known,90.9%,True,298,97.1%,0.91,18.5%,3,2
246,2024-01-01T04:06:00,Kunerva,Known,45.4%,True,305,97.2%,0.85,21.9%,3,2
247,2024-01-01T04:07:00,Kunerva,Known,33.1%,True,288,95.6%,0.89,26.5%,3,2
248,2024-01-01T04:08:00,Kunerva,Known,66.4%,True,286,97.3%,0.88,17.9%,3,2
249,2024-01-01T04:09:00,Kunerva,Known,62.9%,True,389,95.9%,0.96,65.6%,3,2
250,2024-01-01T04:10:00,Kunerva,Known,68.9%,True,276,97.4%,0.90,50.2%,3,2
251,2024-01-01T04:11:00,Kunerva,DoS,90.8%,True,352,94.9%,0.87,22.5%,4,3
252,2024-01-01T04:12:00,Kunerva,DoS,31.9%,True,112,94.5%,0.98,11.0%,4,3
253,2024-01-01T04:13:00,Kunerva,DoS,77.5%,True,456,93.7%,0.89,75.6%,4,3
254,2024-01-01T04:14:00,Kunerva,DoS,30.4%,True,181,94.1%,0.92,99.5%,4,3
255,2024-01-01T04:15:00,Kunerva,DoS,26.9%,True,113,95.4%,0.85,49.7%,4,3
256,2024-01-01T04:16:00,Kunerva,DoS,86.2%,True,334,93.9%,0.87,37.8%,4,3
257,2024-01-01T04:17:00,Kunerva,DoS,82.6%,True,144,94.6%,0.92,79.8%,4,3
258,2024-01-01T04:18:00,Kunerva,DoS,76.6%,True,323,94.1%,0.87,10.5%,4,3
259,2024-01-01T04:19:00,Kunerva,DoS,76.3%,True,370,95.0%,0.96,47.0%,4,3
260,2024-01-01T04:20:00,Kunerva,DoS,27.4%,True,332,94.1%,0.89,11.6%,4,3
261,2024-01-01T04:21:00,Kunerva,DoS,53.7%,True,431,93.9%,0.86,48.9%,4,3
262,2024-01-01T04:22:00,Kunerva,DoS,34.4%,True,185,95.6%,0.88,51.8%,4,3
263,2024-01-01T04:23:00,Kunerva,DoS,70.2%,True,222,94.0%,0.85,69.8%,4,3
264,2024-01-01T04:24:00,Kunerva,DoS,25.9%,False,86,94.4%,0.73,61.7%,4,3
265,2024-01-01T04:25:00,Kunerva,DoS,57.4%,True,328,94.8%,0.89,66.7%,4,3
266,2024-01-01T04:26:00,Kunerva,DoS,29.4%,True,212,94.5%,0.93,44.2%,4,3
267,2024-01-01T04:27:00,Kunerva,DoS,64.7%,False,480,93.8%,0.54,52.6%,4,3
268,2024-01-01T04:28:00,Kunerva,DoS,33.6%,True,180,94.6%,0.94,4.8%,4,3
269,2024-01-01T04:29:00,Kunerva,DoS,62.4%,True,232,94.2%,0.98,5.2%,4,3
270,2024-01-01T04:30:00,Kunerva,DoS,84.3%,True,343,94.3%,0.91,66.5%,4,3
271,2024-01-01T04:31:00,Kunerva,Data Exfiltration,47.2%,True,403,93.5%,0.92,98.4%,5,4
272,2024-01-01T04:32:00,Kunerva,Data Exfiltration,60.2%,True,306,94.7%,0.96,17.3%,5,4
273,2024-01-01T04:33:00,Kunerva,Data Exfiltration,22.3%,True,446,93.2%,0.97,88.0%,5,4
274,2024-01-01T04:34:00,Kunerva,Data Exfiltration,21.3%,True,322,93.4%,0.90,13.2%,5,4
275,2024-01-01T04:35:00,Kunerva,Data Exfiltration,88.9%,True,218,93.7%,0.95,82.2%,5,4
276,2024-01-01T04:36:00,Kunerva,Data Exfiltration,35.4%,True,237,92.9%,0.98,11.2%,5,4
277,2024-01-01T04:37:00,Kunerva,Data Exfiltration,55.0%,True,367,93.0%,0.97,21.2%,5,4
278,2024-01-01T04:38:00,Kunerva,Data Exfiltration,66.4%,True,64,92.9%,0.86,22.3%,5,4
279,2024-01-01T04:39:00,Kunerva,Data Exfiltration,27.0%,True,177,93.3%,0.93,72.4%,5,4
280,2024-01-01T04:40:00,Kunerva,Data Exfiltration,63.0%,True,260,94.6%,0.97,47.1%,5,4
281,2024-01-01T04:41:00,Kunerva,Data Exfiltration,29.8%,True,418,93.6%,0.85,69.3%,5,4
282,2024-01-01T04:42:00,Kunerva,Data Exfiltration,38.5%,True,381,93.4%,0.92,15.0%,5,4
283,2024-01-01T04:43:00,Kunerva,Data Exfiltration,90.0%,True,99,93.0%,0.99,76.9%,5,4
284,2024-01-01T04:44:00,Kunerva,Data Exfiltration,31.8%,False,155,94.4%,0.62,53.0%,5,4
285,2024-01-01T04:45:00,Kunerva,Data Exfiltration,71.2%,True,108,92.9%,0.97,69.1%,5,4
286,2024-01-01T04:46:00,Kunerva,Data Exfiltration,23.3%,True,51,93.8%,0.91,18.8%,5,4
287,2024-01-01T04:47:00,Kunerva,Data Exfiltration,64.8%,True,485,93.6%,0.98,24.3%,5,4
288,2024-01-01T04:48:00,Kunerva,Data Exfiltration,72.9%,True,235,93.7%,0.87,6.1%,5,4
289,2024-01-01T04:49:00,Kunerva,Data Exfiltration,63.2%,True,168,94.3%,0.85,57.1%,5,4
290,2024-01-01T04:50:00,Kunerva,Data Exfiltration,49.1%,True,430,94.8%,0.99,28.5%,5,4
291,2024-01-01T04:51:00,Kunerva,Container Escape,37.6%,True,471,91.6%,0.95,32.3%,5,5
292,2024-01-01T04:52:00,Kunerva,Container Escape,48.7%,True,486,92.3%,0.96,0.2%,5,5
293,2024-01-01T04:53:00,Kunerva,Container Escape,53.6%,True,416,92.3%,0.85,14.7%,5,5
294,2024-01-01T04:54:00,Kunerva,Container Escape,84.1%,True,292,91.4%,0.87,97.4%,5,5
295,2024-01-01T04:55:00,Kunerva,Container Escape,60.0%,True,379,93.1%,0.93,60.3%,5,5
296,2024-01-01T04:56:00,Kunerva,Container Escape,25.0%,True,369,91.5%,0.89,42.9%,5,5
297,2024-01-01T04:57:00,Kunerva,Container Escape,35.7%,True,107,91.7%,0.89,25.5%,5,5
298,2024-01-01T04:58:00,Kunerva,Container Escape,65.3%,True,332,91.5%,0.94,73.4%,5,5
299,2024-01-01T04:59:00,Kunerva,Container Escape,58.9%,True,385,91.9%,0.96,75.0%,5,5
300,2024-01-01T05:00:00,Kunerva,Container Escape,51.5%,True,75,92.5%,0.94,6.5%,5,5
301,2024-01-01T05:01:00,kubeFlower,Zero-day,28.7%,True,390,84.2%,0.98,68.8%,5,5
302,2024-01-01T05:02:00,kubeFlower,Zero-day,81.4%,True,367,84.4%,0.90,22.5%,5,5
303,2024-01-01T05:03:00,kubeFlower,Zero-day,65.0%,True,308,83.9%,0.94,61.2%,5,5
304,2024-01-01T05:04:00,kubeFlower,Zero-day,24.7%,True,223,84.7%,0.88,14.3%,5,5
305,2024-01-01T05:05:00,kubeFlower,Zero-day,65.4%,True,381,85.2%,0.96,73.1%,5,5
306,2024-01-01T05:06:00,kubeFlower,Zero-day,69.6%,False,146,83.9%,0.70,51.7%,5,5
307,2024-01-01T05:07:00,kubeFlower,Zero-day,91.1%,True,87,83.5%,0.89,63.9%,5,5
308,2024-01-01T05:08:00,kubeFlower,Zero-day,35.7%,True,206,84.2%,0.94,88.4%,5,5
309,2024-01-01T05:09:00,kubeFlower,Zero-day,84.9%,False,71,84.6%,0.47,2.6%,5,5
310,2024-01-01T05:10:00,kubeFlower,Zero-day,51.0%,True,87,84.0%,0.97,19.0%,5,5
311,2024-01-01T05:11:00,kubeFlower,Zero-day,92.4%,True,452,83.9%,0.88,1.4%,5,5
312,2024-01-01T05:12:00,kubeFlower,Zero-day,26.7%,True,66,85.2%,0.94,41.3%,5,5
313,2024-01-01T05:13:00,kubeFlower,Zero-day,65.4%,True,394,83.7%,0.90,48.7%,5,5
314,2024-01-01T05:14:00,kubeFlower,Zero-day,36.5%,True,81,83.4%,0.91,52.9%,5,5
315,2024-01-01T05:15:00,kubeFlower,Zero-day,72.2%,False,331,84.6%,0.68,74.5%,5,5
316,2024-01-01T05:16:00,kubeFlower,Zero-day,73.9%,True,463,83.4%,0.96,42.5%,5,5
317,2024-01-01T05:17:00,kubeFlower,Zero-day,83.4%,True,204,84.0%,0.85,49.9%,5,5
318,2024-01-01T05:18:00,kubeFlower,Zero-day,40.3%,True,136,83.5%,0.91,12.9%,5,5
319,2024-01-01T05:19:00,kubeFlower,Zero-day,46.0%,True,73,83.7%,0.88,77.9%,5,5
320,2024-01-01T05:20:00,kubeFlower,Zero-day,74.6%,True,378,84.8%,0.96,4.2%,5,5
321,2024-01-01T05:21:00,kubeFlower,Zero-day,90.8%,True,479,83.6%,0.96,21.6%,5,5
322,2024-01-01T05:22:00,kubeFlower,Zero-day,73.8%,True,341,83.7%,0.88,60.2%,5,5
323,2024-01-01T05:23:00,kubeFlower,Zero-day,32.9%,True,391,85.3%,0.99,69.4%,5,5
324,2024-01-01T05:24:00,kubeFlower,Zero-day,51.4%,True,380,83.5%,0.90,66.1%,5,5
325,2024-01-01T05:25:00,kubeFlower,Zero-day,74.5%,True,227,84.7%,0.95,46.5%,5,5
326,2024-01-01T05:26:00,kubeFlower,Known,45.5%,True,177,94.7%,0.96,64.3%,3,2
327,2024-01-01T05:27:00,kubeFlower,Known,69.1%,True,315,93.3%,0.91,41.7%,3,2
328,2024-01-01T05:28:00,kubeFlower,Known,38.7%,True,315,93.5%,0.87,83.5%,3,2
329,2024-01-01T05:29:00,kubeFlower,Known,34.6%,True,214,93.6%,0.85,54.7%,3,2
330,2024-01-01T05:30:00,kubeFlower,Known,72.5%,True,492,93.5%,0.95,62.6%,3,2
331,2024-01-01T05:31:00,kubeFlower,Known,59.2%,True,450,95.1%,0.85,85.1%,3,2
332,2024-01-01T05:32:00,kubeFlower,Known,48.2%,True,471,93.9%,0.90,74.5%,3,2
333,2024-01-01T05:33:00,kubeFlower,Known,26.5%,True,145,93.3%,0.94,87.3%,3,2
334,2024-01-01T05:34:00,kubeFlower,Known,94.7%,False,64,95.1%,0.58,41.2%,3,2
335,2024-01-01T05:35:00,kubeFlower,Known,76.9%,True,468,94.1%,0.97,18.8%,3,2
336,2024-01-01T05:36:00,kubeFlower,Known,74.8%,True,310,94.1%,0.92,74.9%,3,2
337,2024-01-01T05:37:00,kubeFlower,Known,23.4%,True,143,93.4%,0.94,81.7%,3,2
338,2024-01-01T05:38:00,kubeFlower,Known,67.7%,True,360,94.4%,0.89,36.6%,3,2
339,2024-01-01T05:39:00,kubeFlower,Known,82.3%,True,234,93.3%,0.88,70.2%,3,2
340,2024-01-01T05:40:00,kubeFlower,Known,62.5%,True,386,94.7%,0.88,94.5%,3,2
341,2024-01-01T05:41:00,kubeFlower,Known,55.7%,True,254,94.9%,0.86,57.9%,3,2
342,2024-01-01T05:42:00,kubeFlower,Known,49.8%,True,290,93.6%,0.94,11.3%,3,2
343,2024-01-01T05:43:00,kubeFlower,Known,39.6%,True,361,94.0%,0.93,99.8%,3,2
344,2024-01-01T05:44:00,kubeFlower,Known,32.4%,True,397,94.3%,0.87,99.2%,3,2
345,2024-01-01T05:45:00,kubeFlower,Known,87.1%,False,125,95.1%,0.74,10.9%,3,2
346,2024-01-01T05:46:00,kubeFlower,Known,27.9%,True,59,93.2%,0.93,13.9%,3,2
347,2024-01-01T05:47:00,kubeFlower,Known,26.4%,False,78,94.3%,0.71,10.9%,3,2
348,2024-01-01T05:48:00,kubeFlower,Known,65.5%,True,434,93.2%,0.98,12.8%,3,2
349,2024-01-01T05:49:00,kubeFlower,Known,74.5%,True,338,94.3%,0.88,12.9%,3,2
350,2024-01-01T05:50:00,kubeFlower,Known,53.3%,True,398,93.7%,0.89,90.9%,3,2
351,2024-01-01T05:51:00,kubeFlower,DoS,26.3%,False,74,91.7%,0.66,82.6%,4,3
352,2024-01-01T05:52:00,kubeFlower,DoS,77.7%,True,144,92.3%,0.90,86.1%,4,3
353,2024-01-01T05:53:00,kubeFlower,DoS,46.2%,True,415,92.2%,0.85,48.3%,4,3
354,2024-01-01T05:54:00,kubeFlower,DoS,48.0%,True,229,91.4%,0.90,10.6%,4,3
355,2024-01-01T05:55:00,kubeFlower,DoS,72.2%,True,373,92.3%,0.88,95.6%,4,3
356,2024-01-01T05:56:00,kubeFlower,DoS,20.2%,True,255,92.6%,0.98,67.1%,4,3
357,2024-01-01T05:57:00,kubeFlower,DoS,92.3%,True,255,92.3%,0.92,74.9%,4,3
358,2024-01-01T05:58:00,kubeFlower,DoS,58.4%,True,381,91.4%,0.92,50.4%,4,3
359,2024-01-01T05:59:00,kubeFlower,DoS,32.9%,True,256,93.0%,0.92,89.3%,4,3
360,2024-01-01T06:00:00,kubeFlower,DoS,30.7%,True,151,91.1%,0.89,63.6%,4,3
361,2024-01-01T06:01:00,kubeFlower,DoS,52.2%,True,206,92.8%,0.96,65.8%,4,3
362,2024-01-01T06:02:00,kubeFlower,DoS,86.1%,True,365,92.9%,0.93,27.2%,4,3
363,2024-01-01T06:03:00,kubeFlower,DoS,72.6%,True,107,91.4%,0.88,45.8%,4,3
364,2024-01-01T06:04:00,kubeFlower,DoS,57.6%,True,305,91.5%,0.96,73.3%,4,3
365,2024-01-01T06:05:00,kubeFlower,DoS,84.7%,True,140,91.2%,0.98,62.7%,4,3
366,2024-01-01T06:06:00,kubeFlower,DoS,79.5%,True,261,91.4%,0.93,58.8%,4,3
367,2024-01-01T06:07:00,kubeFlower,DoS,67.6%,True,204,92.0%,0.93,89.2%,4,3
368,2024-01-01T06:08:00,kubeFlower,DoS,21.5%,False,421,91.3%,0.64,42.0%,4,3
369,2024-01-01T06:09:00,kubeFlower,DoS,65.6%,False,144,92.1%,0.47,16.2%,4,3
370,2024-01-01T06:10:00,kubeFlower,DoS,59.0%,True,198,91.2%,0.87,32.4%,4,3
371,2024-01-01T06:11:00,kubeFlower,Data Exfiltration,46.6%,True,343,92.3%,0.86,93.7%,5,4
372,2024-01-01T06:12:00,kubeFlower,Data Exfiltration,80.8%,False,481,90.5%,0.63,97.3%,5,4
373,2024-01-01T06:13:00,kubeFlower,Data Exfiltration,89.6%,True,190,92.0%,0.87,56.3%,5,4
374,2024-01-01T06:14:00,kubeFlower,Data Exfiltration,62.7%,True,418,90.5%,0.92,80.5%,5,4
375,2024-01-01T06:15:00,kubeFlower,Data Exfiltration,64.0%,True,199,91.6%,0.99,69.0%,5,4
376,2024-01-01T06:16:00,kubeFlower,Data Exfiltration,58.8%,True,120,90.8%,0.95,31.5%,5,4
377,2024-01-01T06:17:00,kubeFlower,Data Exfiltration,47.6%,True,496,91.5%,0.96,18.6%,5,4
378,2024-01-01T06:18:00,kubeFlower,Data Exfiltration,39.0%,True,480,90.8%,0.97,67.0%,5,4
379,2024-01-01T06:19:00,kubeFlower,Data Exfiltration,30.9%,False,241,91.6%,0.70,73.9%,5,4
380,2024-01-01T06:20:00,kubeFlower,Data Exfiltration,89.6%,True,335,91.0%,0.95,4.8%,5,4
381,2024-01-01T06:21:00,kubeFlower,Data Exfiltration,25.1%,True,258,92.4%,0.94,33.7%,5,4
382,2024-01-01T06:22:00,kubeFlower,Data Exfiltration,64.9%,True,127,91.5%,0.96,23.7%,5,4
383,2024-01-01T06:23:00,kubeFlower,Data Exfiltration,83.8%,True,218,91.9%,0.98,74.7%,5,4
384,2024-01-01T06:24:00,kubeFlower,Data Exfiltration,50.9%,True,278,91.6%,0.94,37.5%,5,4
385,2024-01-01T06:25:00,kubeFlower,Data Exfiltration,27.3%,True,496,90.9%,0.94,27.3%,5,4
386,2024-01-01T06:26:00,kubeFlower,Data Exfiltration,31.7%,True,470,90.6%,0.90,29.5%,5,4
387,2024-01-01T06:27:00,kubeFlower,Data Exfiltration,94.8%,True,246,92.2%,0.86,83.5%,5,4
388,2024-01-01T06:28:00,kubeFlower,Data Exfiltration,23.9%,True,461,92.4%,0.88,82.1%,5,4
389,2024-01-01T06:29:00,kubeFlower,Data Exfiltration,77.4%,True,243,91.0%,0.91,64.0%,5,4
390,2024-01-01T06:30:00,kubeFlower,Data Exfiltration,33.1%,True,270,91.0%,0.86,68.7%,5,4
391,2024-01-01T06:31:00,kubeFlower,Container Escape,42.4%,True,423,90.6%,0.91,21.8%,5,5
392,2024-01-01T06:32:00,kubeFlower,Container Escape,68.9%,False,442,89.8%,0.50,19.2%,5,5
393,2024-01-01T06:33:00,kubeFlower,Container Escape,54.4%,False,393,90.5%,0.73,77.7%,5,5
394,2024-01-01T06:34:00,kubeFlower,Container Escape,20.4%,True,51,90.9%,0.85,62.4%,5,5
395,2024-01-01T06:35:00,kubeFlower,Container Escape,39.0%,True,96,89.9%,0.94,83.9%,5,5
396,2024-01-01T06:36:00,kubeFlower,Container Escape,71.7%,True,393,90.4%,0.99,82.1%,5,5
397,2024-01-01T06:37:00,kubeFlower,Container Escape,27.8%,False,151,90.4%,0.59,30.1%,5,5
398,2024-01-01T06:38:00,kubeFlower,Container Escape,87.8%,True,206,91.5%,0.89,1.7%,5,5
399,2024-01-01T06:39:00,kubeFlower,Container Escape,71.6%,True,396,91.6%,0.93,77.3%,5,5
400,2024-01-01T06:40:00,kubeFlower,Container Escape,81.2%,True,214,91.1%,0.92,14.5%,5,5
